_id,books_id,genres_id,book_id,genre_id
6857ac73fdb7f7924c390bee,book-1,6857a77afdb7f7924c390beb,,
6857ac73fdb7f7924c390bef,book-1,6857a77afdb7f7924c390be9,,
6857ac73fdb7f7924c390bf0,book-2,6857a77afdb7f7924c390beb,,
6857ac73fdb7f7924c390bf1,book-2,6857a77afdb7f7924c390be8,,
6857ac73fdb7f7924c390bf2,book-3,6857a77afdb7f7924c390bea,,
6857ac73fdb7f7924c390bf3,book-3,6857a77afdb7f7924c390bed,,
6857ac73fdb7f7924c390bf4,book-4,6857a77afdb7f7924c390be4,,
6857ac73fdb7f7924c390bf5,book-5,6857a77afdb7f7924c390be6,,
6857ac73fdb7f7924c390bf6,book-6,6857a77afdb7f7924c390beb,,
6857ac73fdb7f7924c390bf7,book-6,6857a77afdb7f7924c390bec,,
6857ac73fdb7f7924c390bf8,book-7,6857a77afdb7f7924c390be8,,
6857ac73fdb7f7924c390bf9,book-8,6857a77afdb7f7924c390bea,,
6857ac73fdb7f7924c390bfa,book-9,6857a77afdb7f7924c390be5,,
6857ac73fdb7f7924c390bfb,book-10,6857a77afdb7f7924c390be9,,
6857ac73fdb7f7924c390bfc,book-11,6857a77afdb7f7924c390beb,,
6857ac73fdb7f7924c390bfd,book-12,6857a77afdb7f7924c390bec,,
6857ac73fdb7f7924c390bfe,book-13,6857a77afdb7f7924c390be4,,
6857ac73fdb7f7924c390bff,book-13,6857a77afdb7f7924c390bed,,
6857ac73fdb7f7924c390c00,book-14,6857a77afdb7f7924c390beb,,
6857ac73fdb7f7924c390c01,book-15,6857a77afdb7f7924c390be9,,
6857ac73fdb7f7924c390c02,book-16,6857a77afdb7f7924c390bed,,
6857ac73fdb7f7924c390c03,book-17,6857a77afdb7f7924c390be7,,
6857ac73fdb7f7924c390c04,book-18,6857a77afdb7f7924c390bea,,
6857ac73fdb7f7924c390c05,book-19,6857a77afdb7f7924c390be8,,
6857ac73fdb7f7924c390c06,book-19,6857a77afdb7f7924c390beb,,
6857ac73fdb7f7924c390c07,book-20,6857a77afdb7f7924c390be9,,
6857ac73fdb7f7924c390c08,book-20,6857a77afdb7f7924c390be7,,
685bce0fcbdee82a79cccf69,book-21,6857a577fdb7f7924c390bdc,,
685bce0fcbdee82a79cccf6a,book-21,6857a77afdb7f7924c390bed,,
685bce0fcbdee82a79cccf6b,book-22,6857a577fdb7f7924c390bdc,,
685bce0fcbdee82a79cccf6c,book-22,6857a77afdb7f7924c390be5,,
685bce0fcbdee82a79cccf6d,book-23,6857a577fdb7f7924c390bdc,,
685bce0fcbdee82a79cccf6e,book-23,6857a77afdb7f7924c390bed,,
685bce0fcbdee82a79cccf6f,book-24,6857a577fdb7f7924c390bdc,,
685bce0fcbdee82a79cccf70,book-24,6857a77afdb7f7924c390be5,,
685bce0fcbdee82a79cccf71,book-25,6857a577fdb7f7924c390bdc,,
685bce0fcbdee82a79cccf72,book-25,6857a77afdb7f7924c390beb,,
685bce0fcbdee82a79cccf73,book-26,6857a577fdb7f7924c390bdc,,
685bce0fcbdee82a79cccf74,book-26,6857a77afdb7f7924c390bea,,
685bce0fcbdee82a79cccf75,book-27,6857a577fdb7f7924c390bdc,,
685bce0fcbdee82a79cccf76,book-27,6857a77afdb7f7924c390be8,,
685bce0fcbdee82a79cccf77,book-28,6857a577fdb7f7924c390bdc,,
685bce0fcbdee82a79cccf78,book-28,6857a77afdb7f7924c390be7,,
685bce0fcbdee82a79cccf79,book-29,6857a577fdb7f7924c390bdc,,
685bce0fcbdee82a79cccf7a,book-29,6857a77afdb7f7924c390be5,,
685bce0fcbdee82a79cccf7b,book-30,6857a577fdb7f7924c390bdc,,
685bce0fcbdee82a79cccf7c,book-30,6857a77afdb7f7924c390be6,,
685bce0fcbdee82a79cccf7d,book-31,6857a577fdb7f7924c390bdc,,
685bce0fcbdee82a79cccf7e,book-31,6857a77afdb7f7924c390bed,,
685bce0fcbdee82a79cccf7f,book-32,6857a577fdb7f7924c390bdc,,
685bce0fcbdee82a79cccf80,book-32,6857a77afdb7f7924c390bed,,
685bce0fcbdee82a79cccf81,book-33,6857a577fdb7f7924c390bdc,,
685bce0fcbdee82a79cccf82,book-33,6857a77afdb7f7924c390be5,,
685bce0fcbdee82a79cccf83,book-34,6857a577fdb7f7924c390bdc,,
685bce0fcbdee82a79cccf84,book-34,6857a77afdb7f7924c390bea,,
685bce0fcbdee82a79cccf85,book-35,6857a577fdb7f7924c390bdc,,
685bce0fcbdee82a79cccf86,book-35,6857a77afdb7f7924c390be5,,
685bce0fcbdee82a79cccf87,book-36,6857a577fdb7f7924c390bdc,,
685bce0fcbdee82a79cccf88,book-36,6857a77afdb7f7924c390be7,,
685bce0fcbdee82a79cccf89,book-37,6857a577fdb7f7924c390bdc,,
685bce0fcbdee82a79cccf8a,book-37,6857a77afdb7f7924c390bea,,
685bce0fcbdee82a79cccf8b,book-38,6857a577fdb7f7924c390bdc,,
685bce0fcbdee82a79cccf8c,book-38,6857a77afdb7f7924c390bed,,
685bce0fcbdee82a79cccf8d,book-39,6857a577fdb7f7924c390bdc,,
685bce0fcbdee82a79cccf8e,book-39,6857a77afdb7f7924c390be6,,
685bce0fcbdee82a79cccf8f,book-40,6857a577fdb7f7924c390bdc,,
685bce0fcbdee82a79cccf90,book-40,6857a77afdb7f7924c390bea,,
685bd11acbdee82a79cccf91,book-41,6857a577fdb7f7924c390bdc,,
685bd11acbdee82a79cccf92,book-41,6857a77afdb7f7924c390bed,,
685bd11acbdee82a79cccf93,book-42,6857a577fdb7f7924c390bdc,,
685bd11acbdee82a79cccf94,book-42,6857a77afdb7f7924c390beb,,
685bd11acbdee82a79cccf95,book-43,6857a577fdb7f7924c390bdc,,
685bd11acbdee82a79cccf96,book-43,6857a77afdb7f7924c390be6,,
685bd11acbdee82a79cccf97,book-44,6857a577fdb7f7924c390bdc,,
685bd11acbdee82a79cccf98,book-44,6857a77afdb7f7924c390be6,,
685bd11acbdee82a79cccf99,book-45,6857a577fdb7f7924c390bdc,,
685bd11acbdee82a79cccf9a,book-45,6857a77afdb7f7924c390bed,,
685bd11acbdee82a79cccf9b,book-46,6857a577fdb7f7924c390bdc,,
685bd11acbdee82a79cccf9c,book-46,6857a77afdb7f7924c390bec,,
685bd11acbdee82a79cccf9d,book-47,6857a577fdb7f7924c390bdc,,
685bd11acbdee82a79cccf9e,book-47,6857a77afdb7f7924c390bea,,
685bd11acbdee82a79cccf9f,book-48,6857a577fdb7f7924c390bdc,,
685bd11acbdee82a79cccfa0,book-48,6857a77afdb7f7924c390be6,,
685bd11acbdee82a79cccfa1,book-49,6857a577fdb7f7924c390bdc,,
685bd11acbdee82a79cccfa2,book-49,6857a77afdb7f7924c390beb,,
685bd11acbdee82a79cccfa3,book-50,6857a577fdb7f7924c390bdc,,
685bd11acbdee82a79cccfa4,book-50,6857a77afdb7f7924c390bed,,
685bd11acbdee82a79cccfa5,book-51,6857a577fdb7f7924c390bdc,,
685bd11acbdee82a79cccfa6,book-51,6857a77afdb7f7924c390bea,,
685bd11acbdee82a79cccfa7,book-52,6857a577fdb7f7924c390bdc,,
685bd11acbdee82a79cccfa8,book-52,6857a77afdb7f7924c390be6,,
685bd11acbdee82a79cccfa9,book-53,6857a577fdb7f7924c390bdc,,
685bd11acbdee82a79cccfaa,book-53,6857a77afdb7f7924c390bea,,
685bd11acbdee82a79cccfab,book-54,6857a577fdb7f7924c390bdc,,
685bd11acbdee82a79cccfac,book-54,6857a77afdb7f7924c390be6,,
685bd11acbdee82a79cccfad,book-55,6857a577fdb7f7924c390bdc,,
685bd11acbdee82a79cccfae,book-55,6857a77afdb7f7924c390bea,,
685bd11acbdee82a79cccfaf,book-56,6857a577fdb7f7924c390bdc,,
685bd11acbdee82a79cccfb0,book-56,6857a77afdb7f7924c390bed,,
685bd11acbdee82a79cccfb1,book-57,6857a577fdb7f7924c390bdc,,
685bd11acbdee82a79cccfb2,book-57,6857a77afdb7f7924c390be6,,
685bd15ccbdee82a79cccfb3,book-58,6857a577fdb7f7924c390bdc,,
685bd15ccbdee82a79cccfb4,book-58,6857a77afdb7f7924c390bea,,
685bd15ccbdee82a79cccfb5,book-58,6857a77afdb7f7924c390bed,,
685bd15ccbdee82a79cccfb6,book-59,6857a577fdb7f7924c390bdc,,
685bd15ccbdee82a79cccfb7,book-59,6857a77afdb7f7924c390bea,,
685bd15ccbdee82a79cccfb8,book-59,6857a77afdb7f7924c390bed,,
685bd165cbdee82a79cccfb9,book-60,6857a577fdb7f7924c390bdc,,
685bd165cbdee82a79cccfba,book-60,6857a77afdb7f7924c390be6,,
685bd165cbdee82a79cccfbb,book-60,6857a77afdb7f7924c390bed,,
685bd55ccbdee82a79cccfbc,book-71,6857a5befdb7f7924c390bdd,,
685bd55ccbdee82a79cccfbd,book-72,6857a5befdb7f7924c390bdd,,
685bd55ccbdee82a79cccfbe,book-73,6857a5befdb7f7924c390bdd,,
685bd55ccbdee82a79cccfbf,book-74,6857a5befdb7f7924c390bdd,,
685bd55ccbdee82a79cccfc0,book-75,6857a5befdb7f7924c390bdd,,
685bd55ccbdee82a79cccfc1,book-76,6857a5befdb7f7924c390bdd,,
685bd55ccbdee82a79cccfc2,book-77,6857a5befdb7f7924c390bdd,,
685bd55ccbdee82a79cccfc3,book-78,6857a5befdb7f7924c390bdd,,
685bd55ccbdee82a79cccfc4,book-79,6857a5befdb7f7924c390bdd,,
685bd55ccbdee82a79cccfc5,book-80,6857a5befdb7f7924c390bdd,,
685bd55ccbdee82a79cccfc6,book-81,6857a5befdb7f7924c390bdd,,
685bd55ccbdee82a79cccfc7,book-82,6857a5befdb7f7924c390bdd,,
685bd55ccbdee82a79cccfc8,book-83,6857a5befdb7f7924c390bdd,,
685bd55ccbdee82a79cccfc9,book-84,6857a5befdb7f7924c390bdd,,
685bd55ccbdee82a79cccfca,book-85,6857a5befdb7f7924c390bdd,,
685bd55ccbdee82a79cccfcb,book-86,6857a5befdb7f7924c390bdd,,
685bd55ccbdee82a79cccfcc,book-87,6857a5befdb7f7924c390bdd,,
685bd55ccbdee82a79cccfcd,book-88,6857a5befdb7f7924c390bdd,,
685bd55ccbdee82a79cccfce,book-89,6857a5befdb7f7924c390bdd,,
685bd55ccbdee82a79cccfcf,book-90,6857a5befdb7f7924c390bdd,,
685bd5abcbdee82a79cccfd0,book-60,6857a5befdb7f7924c390bdd,,
685bd5abcbdee82a79cccfd1,book-61,6857a5befdb7f7924c390bdd,,
685bd5abcbdee82a79cccfd2,book-62,6857a5befdb7f7924c390bdd,,
685bd5abcbdee82a79cccfd3,book-63,6857a5befdb7f7924c390bdd,,
685bd5abcbdee82a79cccfd4,book-64,6857a5befdb7f7924c390bdd,,
685bd5abcbdee82a79cccfd5,book-65,6857a5befdb7f7924c390bdd,,
685bd5abcbdee82a79cccfd6,book-66,6857a5befdb7f7924c390bdd,,
685bd5abcbdee82a79cccfd7,book-67,6857a5befdb7f7924c390bdd,,
685bd5abcbdee82a79cccfd8,book-68,6857a5befdb7f7924c390bdd,,
685bd5abcbdee82a79cccfd9,book-69,6857a5befdb7f7924c390bdd,,
685bd5abcbdee82a79cccfda,book-70,6857a5befdb7f7924c390bdd,,
685bede7c00438143f2d98c5,book-91,6857a77afdb7f7924c390bde,,
685bede7c00438143f2d98c6,book-91,6857a77afdb7f7924c390be1,,
685bede7c00438143f2d98c7,book-92,6857a77afdb7f7924c390bde,,
685bede7c00438143f2d98c8,book-92,6857a77afdb7f7924c390be9,,
685bede7c00438143f2d98c9,book-93,6857a77afdb7f7924c390bde,,
685bede7c00438143f2d98ca,book-93,6857a77afdb7f7924c390be1,,
685bede7c00438143f2d98cb,book-94,6857a77afdb7f7924c390bde,,
685bede7c00438143f2d98cc,book-94,6857a77afdb7f7924c390be5,,
685bede7c00438143f2d98cd,book-95,6857a77afdb7f7924c390bde,,
685bede7c00438143f2d98ce,book-96,6857a77afdb7f7924c390bde,,
685bede7c00438143f2d98cf,book-97,6857a77afdb7f7924c390bde,,
685bede7c00438143f2d98d0,book-98,6857a77afdb7f7924c390bde,,
685bede7c00438143f2d98d1,book-99,6857a77afdb7f7924c390bde,,
685bede7c00438143f2d98d2,book-100,6857a77afdb7f7924c390bde,,
685bede7c00438143f2d98d3,book-101,6857a77afdb7f7924c390bde,,
685bede7c00438143f2d98d4,book-101,6857a77afdb7f7924c390be5,,
685bede7c00438143f2d98d5,book-102,6857a77afdb7f7924c390bde,,
685bede7c00438143f2d98d6,book-103,6857a77afdb7f7924c390bde,,
685bede7c00438143f2d98d7,book-104,6857a77afdb7f7924c390bde,,
685bede7c00438143f2d98d8,book-105,6857a77afdb7f7924c390bde,,
685bede7c00438143f2d98d9,book-105,6857a77afdb7f7924c390be1,,
685bede7c00438143f2d98da,book-106,6857a77afdb7f7924c390bde,,
685bede7c00438143f2d98db,book-107,6857a77afdb7f7924c390bde,,
685bede7c00438143f2d98dc,book-108,6857a77afdb7f7924c390bde,,
685bede7c00438143f2d98dd,book-109,6857a77afdb7f7924c390bde,,
685bede7c00438143f2d98de,book-110,6857a77afdb7f7924c390bde,,
685bede7c00438143f2d98df,book-110,6857a77afdb7f7924c390be5,,
685bf2fbc00438143f2d991f,book-111,6857a77afdb7f7924c390bdf,,
685bf2fbc00438143f2d9920,book-112,6857a77afdb7f7924c390bdf,,
685bf2fbc00438143f2d9921,book-113,6857a77afdb7f7924c390bdf,,
685bf2fbc00438143f2d9922,book-114,6857a77afdb7f7924c390bdf,,
685bf2fbc00438143f2d9923,book-115,6857a77afdb7f7924c390bdf,,
685bf2fbc00438143f2d9924,book-116,6857a77afdb7f7924c390bdf,,
685bf2fbc00438143f2d9925,book-117,6857a77afdb7f7924c390bdf,,
685bf2fbc00438143f2d9926,book-118,6857a77afdb7f7924c390bdf,,
685bf2fbc00438143f2d9927,book-119,6857a77afdb7f7924c390bdf,,
685bf2fbc00438143f2d9928,book-120,6857a77afdb7f7924c390bdf,,
685bf2fbc00438143f2d9929,book-121,6857a77afdb7f7924c390bdf,,
685bf2fbc00438143f2d992a,book-122,6857a77afdb7f7924c390bdf,,
685bf2fbc00438143f2d992b,book-123,6857a77afdb7f7924c390bdf,,
685bf2fbc00438143f2d992c,book-124,6857a77afdb7f7924c390bdf,,
685bf2fbc00438143f2d992d,book-125,6857a77afdb7f7924c390bdf,,
685bf2fbc00438143f2d992e,book-126,6857a77afdb7f7924c390bdf,,
685bf2fbc00438143f2d992f,book-127,6857a77afdb7f7924c390bdf,,
685bf2fbc00438143f2d9930,book-128,6857a77afdb7f7924c390bdf,,
685bf2fbc00438143f2d9931,book-129,6857a77afdb7f7924c390bdf,,
685bf2fbc00438143f2d9932,book-130,6857a77afdb7f7924c390bdf,,
685bf555c00438143f2d9965,book-131,6857a77afdb7f7924c390be0,,
685bf555c00438143f2d9966,book-131,6857a577fdb7f7924c390bdc,,
685bf555c00438143f2d9967,book-132,6857a77afdb7f7924c390be0,,
685bf555c00438143f2d9968,book-132,6857a77afdb7f7924c390be1,,
685bf555c00438143f2d9969,book-133,6857a77afdb7f7924c390be0,,
685bf555c00438143f2d996a,book-133,6857a577fdb7f7924c390bdc,,
685bf555c00438143f2d996b,book-134,6857a77afdb7f7924c390be0,,
685bf555c00438143f2d996c,book-134,6857a577fdb7f7924c390bdc,,
685bf555c00438143f2d996d,book-135,6857a77afdb7f7924c390be0,,
685bf555c00438143f2d996e,book-135,6857a77afdb7f7924c390bed,,
685bf555c00438143f2d996f,book-136,6857a77afdb7f7924c390be0,,
685bf555c00438143f2d9970,book-136,6857a577fdb7f7924c390bdc,,
685bf555c00438143f2d9971,book-137,6857a77afdb7f7924c390be0,,
685bf555c00438143f2d9972,book-137,6857a577fdb7f7924c390bdc,,
685bf555c00438143f2d9973,book-138,6857a77afdb7f7924c390be0,,
685bf555c00438143f2d9974,book-138,6857a77afdb7f7924c390be1,,
685bf555c00438143f2d9975,book-139,6857a77afdb7f7924c390be0,,
685bf555c00438143f2d9976,book-139,6857a77afdb7f7924c390bed,,
685bf555c00438143f2d9977,book-140,6857a77afdb7f7924c390be0,,
685bf555c00438143f2d9978,book-140,6857a577fdb7f7924c390bdc,,
685bf597c00438143f2d99ab,book-141,6857a77afdb7f7924c390be0,,
685bf597c00438143f2d99ac,book-141,6857a577fdb7f7924c390bdc,,
685bf597c00438143f2d99ad,book-142,6857a77afdb7f7924c390be0,,
685bf597c00438143f2d99ae,book-142,6857a77afdb7f7924c390be1,,
685bf597c00438143f2d99af,book-143,6857a77afdb7f7924c390be0,,
685bf597c00438143f2d99b0,book-143,6857a77afdb7f7924c390bed,,
685bf597c00438143f2d99b1,book-144,6857a77afdb7f7924c390be0,,
685bf597c00438143f2d99b2,book-144,6857a77afdb7f7924c390be1,,
685bf597c00438143f2d99b3,book-145,6857a77afdb7f7924c390be0,,
685bf597c00438143f2d99b4,book-145,6857a77afdb7f7924c390bed,,
685bf597c00438143f2d99b5,book-146,6857a77afdb7f7924c390be0,,
685bf597c00438143f2d99b6,book-146,6857a77afdb7f7924c390be1,,
685bf597c00438143f2d99b7,book-147,6857a77afdb7f7924c390be0,,
685bf597c00438143f2d99b8,book-147,6857a577fdb7f7924c390bdc,,
685bf597c00438143f2d99b9,book-148,6857a77afdb7f7924c390be0,,
685bf597c00438143f2d99ba,book-148,6857a77afdb7f7924c390bed,,
685bf597c00438143f2d99bb,book-149,6857a77afdb7f7924c390be0,,
685bf597c00438143f2d99bc,book-149,6857a77afdb7f7924c390be1,,
685bf597c00438143f2d99bd,book-150,6857a77afdb7f7924c390be0,,
685bf597c00438143f2d99be,book-150,6857a577fdb7f7924c390bdc,,
685bf72d7dfb90404a1470d5,book-151,6857a77afdb7f7924c390be1,,
685bf72d7dfb90404a1470d6,book-151,6857a77afdb7f7924c390beb,,
685bf72d7dfb90404a1470d7,book-152,6857a77afdb7f7924c390be1,,
685bf72d7dfb90404a1470d8,book-152,6857a77afdb7f7924c390bee,,
685bf72d7dfb90404a1470d9,book-153,6857a77afdb7f7924c390be1,,
685bf72d7dfb90404a1470da,book-153,6857a77afdb7f7924c390beb,,
685bf72d7dfb90404a1470db,book-154,6857a77afdb7f7924c390be1,,
685bf72d7dfb90404a1470dc,book-154,6857a77afdb7f7924c390beb,,
685bf72d7dfb90404a1470dd,book-155,6857a77afdb7f7924c390be1,,
685bf72d7dfb90404a1470de,book-155,6857a77afdb7f7924c390beb,,
685bf72d7dfb90404a1470df,book-155,6857a577fdb7f7924c390bdc,,
685bf72d7dfb90404a1470e0,book-156,6857a77afdb7f7924c390be1,,
685bf72d7dfb90404a1470e1,book-156,6857a77afdb7f7924c390bf0,,
685bf72d7dfb90404a1470e2,book-157,6857a77afdb7f7924c390be1,,
685bf72d7dfb90404a1470e3,book-157,6857a77afdb7f7924c390be0,,
685bf72d7dfb90404a1470e4,book-158,6857a77afdb7f7924c390be1,,
685bf72d7dfb90404a1470e5,book-158,6857a77afdb7f7924c390be0,,
685bf72d7dfb90404a1470e6,book-159,6857a77afdb7f7924c390be1,,
685bf72d7dfb90404a1470e7,book-159,6857a77afdb7f7924c390beb,,
685bf72d7dfb90404a1470e8,book-160,6857a77afdb7f7924c390be1,,
685bf72d7dfb90404a1470e9,book-160,6857a77afdb7f7924c390beb,,
685bf72d7dfb90404a1470ea,book-161,6857a77afdb7f7924c390be1,,
685bf72d7dfb90404a1470eb,book-161,6857a77afdb7f7924c390bee,,
685bf72d7dfb90404a1470ec,book-162,6857a77afdb7f7924c390be1,,
685bf72d7dfb90404a1470ed,book-162,6857a77afdb7f7924c390be0,,
685bf72d7dfb90404a1470ee,book-163,6857a77afdb7f7924c390be1,,
685bf72d7dfb90404a1470ef,book-163,6857a77afdb7f7924c390bee,,
685bf72d7dfb90404a1470f0,book-164,6857a77afdb7f7924c390be1,,
685bf72d7dfb90404a1470f1,book-164,6857a77afdb7f7924c390bee,,
685bf72d7dfb90404a1470f2,book-165,6857a77afdb7f7924c390be1,,
685bf72d7dfb90404a1470f3,book-165,6857a77afdb7f7924c390bee,,
685bf72d7dfb90404a1470f4,book-166,6857a77afdb7f7924c390be1,,
685bf72d7dfb90404a1470f5,book-166,6857a77afdb7f7924c390beb,,
685bf72d7dfb90404a1470f6,book-167,6857a77afdb7f7924c390be1,,
685bf72d7dfb90404a1470f7,book-167,6857a77afdb7f7924c390beb,,
685bf72d7dfb90404a1470f8,book-168,6857a77afdb7f7924c390be1,,
685bf72d7dfb90404a1470f9,book-168,6857a77afdb7f7924c390be0,,
685bf72d7dfb90404a1470fa,book-169,6857a77afdb7f7924c390be1,,
685bf72d7dfb90404a1470fb,book-169,6857a77afdb7f7924c390be0,,
685bf72d7dfb90404a1470fc,book-170,6857a77afdb7f7924c390be1,,
685bf72d7dfb90404a1470fd,book-170,6857a77afdb7f7924c390bee,,
685bf8eb7dfb90404a147176,book-171,6857a77afdb7f7924c390bf1,,
685bf8eb7dfb90404a147177,book-171,6857a77afdb7f7924c390bf0,,
685bf8eb7dfb90404a147178,book-172,6857a77afdb7f7924c390bf1,,
685bf8eb7dfb90404a147179,book-172,6857a77afdb7f7924c390bf2,,
685bf8eb7dfb90404a14717a,book-173,6857a77afdb7f7924c390bf1,,
685bf8eb7dfb90404a14717b,book-173,6857a77afdb7f7924c390bee,,
685bf8eb7dfb90404a14717c,book-174,6857a77afdb7f7924c390bf1,,
685bf8eb7dfb90404a14717d,book-174,6857a77afdb7f7924c390bf0,,
685bf8eb7dfb90404a14717e,book-175,6857a77afdb7f7924c390bf1,,
685bf8eb7dfb90404a14717f,book-175,6857a77afdb7f7924c390bf0,,
685bf8eb7dfb90404a147180,book-176,6857a77afdb7f7924c390bf1,,
685bf8eb7dfb90404a147181,book-176,6857a77afdb7f7924c390bee,,
685bf8eb7dfb90404a147182,book-177,6857a77afdb7f7924c390bf1,,
685bf8eb7dfb90404a147183,book-177,6857a77afdb7f7924c390bee,,
685bf8eb7dfb90404a147184,book-178,6857a77afdb7f7924c390bf1,,
685bf8eb7dfb90404a147185,book-178,6857a77afdb7f7924c390bf0,,
685bf8eb7dfb90404a147186,book-179,6857a77afdb7f7924c390bf1,,
685bf8eb7dfb90404a147187,book-179,6857a77afdb7f7924c390bf2,,
685bf8eb7dfb90404a147188,book-180,6857a77afdb7f7924c390bf1,,
685bf8eb7dfb90404a147189,book-180,6857a77afdb7f7924c390bf0,,
685bf8eb7dfb90404a14718a,book-181,6857a77afdb7f7924c390bf1,,
685bf8eb7dfb90404a14718b,book-181,6857a77afdb7f7924c390bee,,
685bf8eb7dfb90404a14718c,book-182,6857a77afdb7f7924c390bf1,,
685bf8eb7dfb90404a14718d,book-182,6857a77afdb7f7924c390bf0,,
685bf8eb7dfb90404a14718e,book-183,6857a77afdb7f7924c390bf1,,
685bf8eb7dfb90404a14718f,book-183,6857a77afdb7f7924c390bf2,,
685bf8eb7dfb90404a147190,book-184,6857a77afdb7f7924c390bf1,,
685bf8eb7dfb90404a147191,book-184,6857a77afdb7f7924c390bf0,,
685bf8eb7dfb90404a147192,book-185,6857a77afdb7f7924c390bf1,,
685bf8eb7dfb90404a147193,book-185,6857a77afdb7f7924c390bee,,
685bf8eb7dfb90404a147194,book-186,6857a77afdb7f7924c390bf1,,
685bf8eb7dfb90404a147195,book-186,6857a77afdb7f7924c390bee,,
685bf8eb7dfb90404a147196,book-187,6857a77afdb7f7924c390bf1,,
685bf8eb7dfb90404a147197,book-187,6857a77afdb7f7924c390bf0,,
685bf8eb7dfb90404a147198,book-188,6857a77afdb7f7924c390bf1,,
685bf8eb7dfb90404a147199,book-188,6857a77afdb7f7924c390bee,,
685bf8eb7dfb90404a14719a,book-189,6857a77afdb7f7924c390bf1,,
685bf8eb7dfb90404a14719b,book-189,6857a77afdb7f7924c390bee,,
685bf8eb7dfb90404a14719c,book-190,6857a77afdb7f7924c390bf1,,
685bf8eb7dfb90404a14719d,book-190,6857a77afdb7f7924c390bee,,
685bf9e07dfb90404a1471c8,book-191,6857a77afdb7f7924c390be3,,
685bf9e07dfb90404a1471c9,book-191,6857a77afdb7f7924c390be4,,
685bf9e07dfb90404a1471ca,book-191,6857a77afdb7f7924c390be7,,
685bf9e07dfb90404a1471cb,book-192,6857a77afdb7f7924c390be3,,
685bf9e07dfb90404a1471cc,book-192,6857a77afdb7f7924c390be1,,
685bf9e07dfb90404a1471cd,book-192,6857a77afdb7f7924c390bed,,
685bf9e07dfb90404a1471ce,book-193,6857a77afdb7f7924c390be3,,
685bf9e07dfb90404a1471cf,book-193,6857a77afdb7f7924c390be0,,
685bf9e07dfb90404a1471d0,book-193,6857a77afdb7f7924c390be4,,
685bf9e07dfb90404a1471d1,book-194,6857a77afdb7f7924c390be3,,
685bf9e07dfb90404a1471d2,book-194,6857a77afdb7f7924c390bde,,
685bf9e07dfb90404a1471d3,book-194,6857a77afdb7f7924c390be4,,
685bf9e07dfb90404a1471d4,book-195,6857a77afdb7f7924c390be3,,
685bf9e07dfb90404a1471d5,book-195,6857a77afdb7f7924c390be1,,
685bf9e07dfb90404a1471d6,book-195,6857a77afdb7f7924c390be4,,
685bf9e07dfb90404a1471d7,book-196,6857a77afdb7f7924c390be3,,
685bf9e07dfb90404a1471d8,book-196,6857a77afdb7f7924c390be4,,
685bf9e07dfb90404a1471d9,book-196,6857a77afdb7f7924c390bde,,
685bf9e07dfb90404a1471da,book-197,6857a77afdb7f7924c390be3,,
685bf9e07dfb90404a1471db,book-197,6857a77afdb7f7924c390be1,,
685bf9e07dfb90404a1471dc,book-197,6857a77afdb7f7924c390be4,,
685bf9e07dfb90404a1471dd,book-198,6857a77afdb7f7924c390be3,,
685bf9e07dfb90404a1471de,book-198,6857a77afdb7f7924c390be1,,
685bf9e07dfb90404a1471df,book-198,6857a77afdb7f7924c390be4,,
685bf9e07dfb90404a1471e0,book-199,6857a77afdb7f7924c390be3,,
685bf9e07dfb90404a1471e1,book-199,6857a77afdb7f7924c390be1,,
685bf9e07dfb90404a1471e2,book-199,6857a77afdb7f7924c390be4,,
685bf9e07dfb90404a1471e3,book-200,6857a77afdb7f7924c390be3,,
685bf9e07dfb90404a1471e4,book-200,6857a77afdb7f7924c390bdd,,
685bf9e07dfb90404a1471e5,book-200,6857a77afdb7f7924c390be1,,
685bfaa77dfb90404a147218,book-201,6857a77afdb7f7924c390be4,,
685bfaa77dfb90404a147219,book-201,6857a77afdb7f7924c390be7,,
685bfaa77dfb90404a14721a,book-201,6857a77afdb7f7924c390bde,,
685bfaa77dfb90404a14721b,book-202,6857a77afdb7f7924c390be4,,
685bfaa77dfb90404a14721c,book-202,6857a77afdb7f7924c390be9,,
685bfaa77dfb90404a14721d,book-202,6857a77afdb7f7924c390be5,,
685bfaa77dfb90404a14721e,book-203,6857a77afdb7f7924c390be4,,
685bfaa77dfb90404a14721f,book-203,6857a77afdb7f7924c390bde,,
685bfaa77dfb90404a147220,book-203,6857a77afdb7f7924c390be0,,
685bfaa77dfb90404a147221,book-204,6857a77afdb7f7924c390be4,,
685bfaa77dfb90404a147222,book-204,6857a77afdb7f7924c390be5,,
685bfaa77dfb90404a147223,book-204,6857a77afdb7f7924c390be9,,
685bfaa77dfb90404a147224,book-205,6857a77afdb7f7924c390be4,,
685bfaa77dfb90404a147225,book-205,6857a77afdb7f7924c390be3,,
685bfaa77dfb90404a147226,book-205,6857a77afdb7f7924c390be7,,
685bfaa77dfb90404a147227,book-206,6857a77afdb7f7924c390be4,,
685bfaa77dfb90404a147228,book-206,6857a77afdb7f7924c390be1,,
685bfaa77dfb90404a147229,book-206,6857a77afdb7f7924c390bde,,
685bfaa77dfb90404a14722a,book-207,6857a77afdb7f7924c390be4,,
685bfaa77dfb90404a14722b,book-207,6857a577fdb7f7924c390bdc,,
685bfaa77dfb90404a14722c,book-207,6857a77afdb7f7924c390be1,,
685bfaa77dfb90404a14722d,book-208,6857a77afdb7f7924c390be4,,
685bfaa77dfb90404a14722e,book-208,6857a77afdb7f7924c390be3,,
685bfaa77dfb90404a14722f,book-208,6857a77afdb7f7924c390be5,,
685bfaa77dfb90404a147230,book-209,6857a77afdb7f7924c390be4,,
685bfaa77dfb90404a147231,book-209,6857a77afdb7f7924c390be3,,
685bfaa77dfb90404a147232,book-209,6857a77afdb7f7924c390be1,,
685bfaa77dfb90404a147233,book-210,6857a77afdb7f7924c390be4,,
685bfaa77dfb90404a147234,book-210,6857a77afdb7f7924c390be9,,
685bfaa77dfb90404a147235,book-210,6857a77afdb7f7924c390be5,,
685bfd007dfb90404a147300,,,book-211,6857a77afdb7f7924c390be5
685bfd007dfb90404a147301,,,book-212,6857a77afdb7f7924c390be5
685bfd007dfb90404a147302,,,book-213,6857a77afdb7f7924c390be5
685bfd007dfb90404a147303,,,book-214,6857a77afdb7f7924c390be5
685bfd007dfb90404a147304,,,book-215,6857a77afdb7f7924c390be5
685bfd007dfb90404a147305,,,book-216,6857a77afdb7f7924c390be5
685bfd007dfb90404a147306,,,book-217,6857a77afdb7f7924c390be5
685bfd007dfb90404a147307,,,book-218,6857a77afdb7f7924c390be5
685bfd007dfb90404a147308,,,book-219,6857a77afdb7f7924c390be5
685bfd007dfb90404a147309,,,book-220,6857a77afdb7f7924c390be5
686deb643d05b58d5656c9af,book-215,6857a77afdb7f7924c390beb,,
686dece73d05b58d5656c9b1,book-16,6857a77afdb7f7924c390bee,,
686ded6b3d05b58d5656c9b3,book-16,686dec8f3d05b58d5656c9b0,,
